Modelo,Accuracy (Train),Accuracy (Test),Precision,Recall,F1-Score,ROC-AUC
1. K-NN (Baseline),0.9996749024707412,0.9967532467532467,0.0,0.0,0.0,0.49740090968161144
2. Random Forest,1.0,0.9993506493506493,0.0,0.0,0.0,0.4889538661468486
3. XGBoost,1.0,0.9993506493506493,0.0,0.0,0.0,0.05328135152696556
4. SVM,0.9900845253576073,0.9805194805194806,0.0,0.0,0.0,0.46556205328135153
