,accuracy_mean,accuracy_std,f1_mean,f1_std,precision_mean,precision_std,recall_mean,recall_std,tiempo
K-NN,0.9988621850460684,0.0004738231918675985,0.9988637672761274,0.00047219678038360277,0.997730557853866,0.0009417412726936246,1.0,0.0,10.638482570648193
Random Forest,1.0,0.0,1.0,0.0,1.0,0.0,1.0,0.0,6.62694787979126
XGBoost,0.9998374644453474,0.0003250711093051528,0.9998376623376624,0.00032467532467532755,0.9996755879967558,0.0006488240064882244,1.0,0.0,1.4536619186401367
SVM,0.9889466572845331,0.0003050690516860481,0.9890676498472935,0.00029617522330352013,0.9783719171518961,0.0005796652574667574,1.0,0.0,22.56796884536743
