modelo,accuracy,f1
Gradient Boost,1.0,1.0
Random Forest,0.9642857142857143,0.959047619047619
SVM,0.9285714285714286,0.9232348111658456
KNN,0.8928571428571429,0.8599014778325123
